This vote was of type IR
It ran with 3 candidate(s)
A total of 40 ballots were cast
no candidate involved,1,added to system
Billy,1,given
no candidate involved,2,added to system
Billy,2,given
no candidate involved,3,added to system
Sandra,3,given
no candidate involved,4,added to system
Billy,4,given
no candidate involved,5,added to system
Joe,5,given
no candidate involved,6,added to system
Sandra,6,given
no candidate involved,7,added to system
Joe,7,given
N/A,no ballot involved,ballot discarded
no candidate involved,8,added to system
Joe,8,given
no candidate involved,9,added to system
Billy,9,given
no candidate involved,10,added to system
Joe,10,given
no candidate involved,11,added to system
Joe,11,given
N/A,no ballot involved,ballot discarded
N/A,no ballot involved,ballot discarded
no candidate involved,12,added to system
Joe,12,given
no candidate involved,13,added to system
Sandra,13,given
no candidate involved,14,added to system
Billy,14,given
N/A,no ballot involved,ballot discarded
no candidate involved,15,added to system
Sandra,15,given
N/A,no ballot involved,ballot discarded
no candidate involved,16,added to system
Billy,16,given
no candidate involved,17,added to system
Sandra,17,given
no candidate involved,18,added to system
Sandra,18,given
no candidate involved,19,added to system
Billy,19,given
no candidate involved,20,added to system
Billy,20,given
no candidate involved,21,added to system
Sandra,21,given
no candidate involved,22,added to system
Billy,22,given
no candidate involved,23,added to system
Sandra,23,given
N/A,no ballot involved,ballot discarded
no candidate involved,24,added to system
Billy,24,given
no candidate involved,25,added to system
Billy,25,given
no candidate involved,26,added to system
Joe,26,given
no candidate involved,27,added to system
Sandra,27,given
no candidate involved,28,added to system
Billy,28,given
no candidate involved,29,added to system
Billy,29,given
no candidate involved,30,added to system
Joe,30,given
no candidate involved,31,added to system
Joe,31,given
no candidate involved,32,added to system
Billy,32,given
no candidate involved,33,added to system
Billy,33,given
no candidate involved,34,added to system
Billy,34,given
discarded ,6, ballots
N/A,no ballot involved,tiebreaker
Joe,no ballot involved,Eliminated
Sandra,5,redistribute
Billy,7,redistribute
no candidate involved,8,discard
Billy,11,redistribute
Sandra,12,redistribute
Sandra,26,redistribute
no candidate involved,30,discard
Joe,no ballot involved,eliminated
Billy,18,popularity win
