This vote was of type OPL
It ran with 5 candidate(s)
A total of 100 ballots were cast
Joe,1, is assigned to a candidate
Sandra,2, is assigned to a candidate
Billy,3, is assigned to a candidate
Billy,4, is assigned to a candidate
Billy,5, is assigned to a candidate
Joe,6, is assigned to a candidate
Sandra,7, is assigned to a candidate
Billy,8, is assigned to a candidate
Billy,9, is assigned to a candidate
Isaac,10, is assigned to a candidate
Sandra,11, is assigned to a candidate
Sandra,12, is assigned to a candidate
Luke,13, is assigned to a candidate
Sandra,14, is assigned to a candidate
Joe,15, is assigned to a candidate
Isaac,16, is assigned to a candidate
Billy,17, is assigned to a candidate
Billy,18, is assigned to a candidate
Sandra,19, is assigned to a candidate
Isaac,20, is assigned to a candidate
Joe,21, is assigned to a candidate
Isaac,22, is assigned to a candidate
Joe,23, is assigned to a candidate
Luke,24, is assigned to a candidate
Billy,25, is assigned to a candidate
Luke,26, is assigned to a candidate
Luke,27, is assigned to a candidate
Isaac,28, is assigned to a candidate
Billy,29, is assigned to a candidate
Luke,30, is assigned to a candidate
Billy,31, is assigned to a candidate
Luke,32, is assigned to a candidate
Luke,33, is assigned to a candidate
Joe,34, is assigned to a candidate
Isaac,35, is assigned to a candidate
Luke,36, is assigned to a candidate
Sandra,37, is assigned to a candidate
Joe,38, is assigned to a candidate
Billy,39, is assigned to a candidate
Luke,40, is assigned to a candidate
Joe,41, is assigned to a candidate
Isaac,42, is assigned to a candidate
Joe,43, is assigned to a candidate
Joe,44, is assigned to a candidate
Luke,45, is assigned to a candidate
Isaac,46, is assigned to a candidate
Isaac,47, is assigned to a candidate
Billy,48, is assigned to a candidate
Billy,49, is assigned to a candidate
Sandra,50, is assigned to a candidate
Joe,51, is assigned to a candidate
Joe,52, is assigned to a candidate
Isaac,53, is assigned to a candidate
Joe,54, is assigned to a candidate
Billy,55, is assigned to a candidate
Sandra,56, is assigned to a candidate
Luke,57, is assigned to a candidate
Billy,58, is assigned to a candidate
Joe,59, is assigned to a candidate
Luke,60, is assigned to a candidate
Sandra,61, is assigned to a candidate
Joe,62, is assigned to a candidate
Joe,63, is assigned to a candidate
Sandra,64, is assigned to a candidate
Joe,65, is assigned to a candidate
Sandra,66, is assigned to a candidate
Isaac,67, is assigned to a candidate
Billy,68, is assigned to a candidate
Luke,69, is assigned to a candidate
Isaac,70, is assigned to a candidate
Joe,71, is assigned to a candidate
Luke,72, is assigned to a candidate
Sandra,73, is assigned to a candidate
Isaac,74, is assigned to a candidate
Joe,75, is assigned to a candidate
Luke,76, is assigned to a candidate
Sandra,77, is assigned to a candidate
Billy,78, is assigned to a candidate
Joe,79, is assigned to a candidate
Joe,80, is assigned to a candidate
Luke,81, is assigned to a candidate
Billy,82, is assigned to a candidate
Joe,83, is assigned to a candidate
Isaac,84, is assigned to a candidate
Luke,85, is assigned to a candidate
Billy,86, is assigned to a candidate
Luke,87, is assigned to a candidate
Luke,88, is assigned to a candidate
Joe,89, is assigned to a candidate
Joe,90, is assigned to a candidate
Joe,91, is assigned to a candidate
Billy,92, is assigned to a candidate
Isaac,93, is assigned to a candidate
Luke,94, is assigned to a candidate
Luke,95, is assigned to a candidate
Luke,96, is assigned to a candidate
Joe,97, is assigned to a candidate
Joe,98, is assigned to a candidate
Isaac,99, is assigned to a candidate
Luke,100, is assigned to a candidate
Party R,2, First allocation of seats
Party D,1, First allocation of seats
Party I,1, First allocation of seats
Party I,2, 2nd allocation of seats
Billy,20, Winner
Sandra,14, Winner
Joe,27, Winner
Luke,23, Winner
Isaac,16, Winner
